<?xml version="1.0" encoding="UTF-8" standalone="yes"?>
<addon id="repository.streamdigital" name="[COLOR dodgerblue][B]Stream [COLOR ghostwhite]Digital[/B][/COLOR]" version="2.0" provider-name="Mason Sparkx">
    <requires>
        <import addon="xbmc.addon" version="12.0.0"/>
    </requires>
    <extension point="xbmc.addon.repository" name="Stream Digital Repo">
        <info compressed="false">http://sdwteam.com/zips/addons.xml</info>
        <checksum>http://sdwteam.com/zips/addons.xml.md5</checksum>
        <datadir zip="true">http://sdwteam.com/zips</datadir>
        <hashes>false</hashes>
		<dir>
            <info compressed="false">https://raw.githubusercontent.com/teamuniversal/scrapers/master/_modules4all/zips/addons.xml</info>
            <checksum>https://raw.githubusercontent.com/teamuniversal/scrapers/master/_modules4all/zips/addons.xml.md5</checksum>
            <datadir zip="true">https://raw.githubusercontent.com/teamuniversal/scrapers/master/_modules4all/zips/</datadir>
        </dir>
        <dir>
           <info compressed="false">https://raw.githubusercontent.com/Gujal00/smrzips/master/addons.xml</info>
           <checksum>https://raw.githubusercontent.com/Gujal00/smrzips/master/addons.xml.md5</checksum>
           <datadir zip="true">https://raw.githubusercontent.com/Gujal00/smrzips/master/zips/</datadir>
        </dir>
    </extension>
    <extension point="xbmc.addon.metadata">
        <summary lang="en_GB">Welcome to the Stream Digital Repository</summary>
        <description lang="en_GB">Welcome to the Matrix!!! For Support Visit us on Facebook, search for Team SD</description>
        <platform>all</platform>
        <assets>
            <icon>icon.png</icon>
        </assets>
    </extension>
</addon>